Workbook
Name ALUMNOS: Concentrado!$O$1
Name FECHA: Concentrado!$L$2
Name GRADO: Concentrado!$C$2
Name PARCIAL: Concentrado!$G$2
Name PORCENTAJE: Concentrado!$O$3
Name PUNTAJE: Concentrado!$O$2

Sheet Concentrado
A1: Coevaluación | O1: 4
A2: Grado y Grupo | C2: 8A-IDGS | D2: Parcial: | G2: 1 | K2: Fecha: | L2: 45335 | O2: =(O1-1)*10 -> 30
O3: 0.03
A4: No. | B4: Matrícula | C4: Alumnos | D4: Puntos | K4: Total | L4: Calificación | M4: Porcentaje
A5: 1 | B5: 20233L001039 | C5: Juan Gerardo Reyes Carrera | D5: =IF($B5<>"",AVERAGE(Alumno1!C6,Alumno2!C6,Alumno3!C6,Alumno4!C6,Alumno5!C6,Alumno6!C6),0) -> 10 | E5: =IF($B5<>"",AVERAGE(Alumno1!D6,Alumno2!D6,Alumno3!D6,Alumno4!D6,Alumno5!D6,Alumno6!D6),0) -> 10 | F5: =IF($B5<>"",AVERAGE(Alumno1!E6,Alumno2!E6,Alumno3!E6,Alumno4!E6,Alumno5!E6),0) -> 9.6666667 | G5: =IF($B5<>"",AVERAGE(Alumno1!F6,Alumno2!F6,Alumno3!F6,Alumno4!F6,Alumno5!F6,Alumno6!F6),0) -> 10 | H5: =IF($B5<>"",AVERAGE(Alumno1!G6,Alumno2!G6,Alumno3!G6,Alumno4!G6,Alumno5!G6,Alumno6!G6),0) -> 10.333333 | I5: =IF($B5<>"",AVERAGE(Alumno1!H6,Alumno2!H6,Alumno3!H6,Alumno4!H6,Alumno5!H6,Alumno6!H6),0) -> 9.3333333 | J5: =IF($B5<>"",AVERAGE(Alumno1!I6,Alumno2!I6,Alumno3!I6,Alumno4!I6,Alumno5!I6,Alumno6!I6),0) -> 10.666667 | K5: =AVERAGE(D5:J5) -> 10 | L5: =K5/$K$11*10 -> 10 | M5: =L5*PORCENTAJE -> 0.3
A6: 2 | B6: 20223l001099 | C6: Hugo Martínez Vallejo | D6: =IF($B6<>"",AVERAGE(Alumno1!C7,Alumno2!C7,Alumno3!C7,Alumno4!C7,Alumno5!C7,Alumno6!C7),0) -> 10 | E6: =IF($B6<>"",AVERAGE(Alumno1!D7,Alumno2!D7,Alumno3!D7,Alumno4!D7,Alumno5!D7,Alumno6!D7),0) -> 9.6666667 | F6: =IF($B6<>"",AVERAGE(Alumno1!E7,Alumno2!E7,Alumno3!E7,Alumno4!E7,Alumno5!E7,Alumno6!E7),0) -> 10.333333 | G6: =IF($B6<>"",AVERAGE(Alumno1!F7,Alumno2!F7,Alumno3!F7,Alumno4!F7,Alumno5!F7,Alumno6!F7),0) -> 10.333333 | H6: =IF($B6<>"",AVERAGE(Alumno1!G7,Alumno2!G7,Alumno3!G7,Alumno4!G7,Alumno5!G7,Alumno6!G7),0) -> 9.6666667 | I6: =IF($B6<>"",AVERAGE(Alumno1!H7,Alumno2!H7,Alumno3!H7,Alumno4!H7,Alumno5!H7,Alumno6!H7),0) -> 10 | J6: =IF($B6<>"",AVERAGE(Alumno1!I7,Alumno2!I7,Alumno3!I7,Alumno4!I7,Alumno5!I7,Alumno6!I7),0) -> 10 | K6: =AVERAGE(D6:J6) -> 10 | L6: =K6/$K$11*10 -> 10 | M6: =L6*PORCENTAJE -> 0.3
A7: 3 | B7: 20223L001004 | C7: Ariana Belinda Pulido Solano | D7: =IF($B7<>"",AVERAGE(Alumno1!C8,Alumno2!C8,Alumno3!C8,Alumno4!C8,Alumno5!C8,Alumno6!C8),0) -> 10 | E7: =IF($B7<>"",AVERAGE(Alumno1!D8,Alumno2!D8,Alumno3!D8,Alumno4!D8,Alumno5!D8,Alumno6!D8),0) -> 10 | F7: =IF($B7<>"",AVERAGE(Alumno1!E8,Alumno2!E8,Alumno3!E8,Alumno4!E8,Alumno5!E8,Alumno6!E8),0) -> 10.333333 | G7: =IF($B7<>"",AVERAGE(Alumno1!F8,Alumno2!F8,Alumno3!F8,Alumno4!F8,Alumno5!F8,Alumno6!F8),0) -> 10 | H7: =IF($B7<>"",AVERAGE(Alumno1!G8,Alumno2!G8,Alumno3!G8,Alumno4!G8,Alumno5!G8,Alumno6!G8),0) -> 9.6666667 | I7: =IF($B7<>"",AVERAGE(Alumno1!H8,Alumno2!H8,Alumno3!H8,Alumno4!H8,Alumno5!H8,Alumno6!H8),0) -> 10.666667 | J7: =IF($B7<>"",AVERAGE(Alumno1!I8,Alumno2!I8,Alumno3!I8,Alumno4!I8,Alumno5!I8,Alumno6!I8),0) -> 9.3333333 | K7: =AVERAGE(D7:J7) -> 10 | L7: =K7/$K$11*10 -> 10 | M7: =L7*PORCENTAJE -> 0.3
A8: 4 | B8: 20223l001092 | C8: Elizabeth Vega Pacheco | D8: =IF($B8<>"",AVERAGE(Alumno1!C9,Alumno2!C9,Alumno3!C9,Alumno4!C9,Alumno5!C9,Alumno6!C9),0) -> 10 | E8: =IF($B8<>"",AVERAGE(Alumno1!D9,Alumno2!D9,Alumno3!D9,Alumno4!D9,Alumno5!D9,Alumno6!D9),0) -> 10.333333 | F8: =IF($B8<>"",AVERAGE(Alumno1!E9,Alumno2!E9,Alumno3!E9,Alumno4!E9,Alumno5!E9,Alumno6!E9),0) -> 9.6666667 | G8: =IF($B8<>"",AVERAGE(Alumno1!F9,Alumno2!F9,Alumno3!F9,Alumno4!F9,Alumno5!F9,Alumno6!F9),0) -> 9.6666667 | H8: =IF($B8<>"",AVERAGE(Alumno1!G9,Alumno2!G9,Alumno3!G9,Alumno4!G9,Alumno5!G9,Alumno6!G9),0) -> 10.333333 | I8: =IF($B8<>"",AVERAGE(Alumno1!H9,Alumno2!H9,Alumno3!H9,Alumno4!H9,Alumno5!H9,Alumno6!H9),0) -> 10 | J8: =IF($B8<>"",AVERAGE(Alumno1!I9,Alumno2!I9,Alumno3!I9,Alumno4!I9,Alumno5!I9,Alumno6!I9),0) -> 10 | K8: =AVERAGE(D8:J8) -> 10 | L8: =K8/$K$11*10 -> 10 | M8: =L8*PORCENTAJE -> 0.3
A9: 5 | D9: =IF($B9<>"",AVERAGE(Alumno1!C10,Alumno2!C10,Alumno3!C10,Alumno4!C10,Alumno5!C10,Alumno6!C10),0) -> 0 | E9: =IF($B9<>"",AVERAGE(Alumno1!D10,Alumno2!D10,Alumno3!D10,Alumno4!D10,Alumno5!D10,Alumno6!D10),0) -> 0 | F9: =IF($B9<>"",AVERAGE(Alumno1!E10,Alumno2!E10,Alumno3!E10,Alumno4!E10,Alumno5!E10,Alumno6!E10),0) -> 0 | G9: =IF($B9<>"",AVERAGE(Alumno1!F10,Alumno2!F10,Alumno3!F10,Alumno4!F10,Alumno5!F10,Alumno6!F10),0) -> 0 | H9: =IF($B9<>"",AVERAGE(Alumno1!G10,Alumno2!G10,Alumno3!G10,Alumno4!G10,Alumno5!G10,Alumno6!G10),0) -> 0 | I9: =IF($B9<>"",AVERAGE(Alumno1!H10,Alumno2!H10,Alumno3!H10,Alumno4!H10,Alumno5!H10,Alumno6!H10),0) -> 0 | J9: =IF($B9<>"",AVERAGE(Alumno1!I10,Alumno2!I10,Alumno3!I10,Alumno4!I10,Alumno5!I10,Alumno6!I10),0) -> 0 | K9: =AVERAGE(D9:J9) -> 0 | L9: =K9/$K$11*10 -> 0 | M9: =L9*PORCENTAJE -> 0
A10: 6 | D10: =IF($B10<>"",AVERAGE(Alumno1!C11,Alumno2!C11,Alumno3!C11,Alumno4!C11,Alumno5!C11,Alumno6!C11),0) -> 0 | E10: =IF($B10<>"",AVERAGE(Alumno1!D11,Alumno2!D11,Alumno3!D11,Alumno4!D11,Alumno5!D11,Alumno6!D11),0) -> 0 | F10: =IF($B10<>"",AVERAGE(Alumno1!E11,Alumno2!E11,Alumno3!E11,Alumno4!E11,Alumno5!E11,Alumno6!E11),0) -> 0 | G10: =IF($B10<>"",AVERAGE(Alumno1!F11,Alumno2!F11,Alumno3!F11,Alumno4!F11,Alumno5!F11,Alumno6!F11),0) -> 0 | H10: =IF($B10<>"",AVERAGE(Alumno1!G11,Alumno2!G11,Alumno3!G11,Alumno4!G11,Alumno5!G11,Alumno6!G11),0) -> 0 | I10: =IF($B10<>"",AVERAGE(Alumno1!H11,Alumno2!H11,Alumno3!H11,Alumno4!H11,Alumno5!H11,Alumno6!H11),0) -> 0 | J10: =IF($B10<>"",AVERAGE(Alumno1!I11,Alumno2!I11,Alumno3!I11,Alumno4!I11,Alumno5!I11,Alumno6!I11),0) -> 0 | K10: =AVERAGE(D10:J10) -> 0 | L10: =K10/$K$11*10 -> 0 | M10: =L10*PORCENTAJE -> 0
D11: =AVERAGE(Alumno1!C12,Alumno2!C12,Alumno3!C12,Alumno4!C12,Alumno5!C12) -> 30 | E11: =AVERAGE(Alumno1!D12,Alumno2!D12,Alumno3!D12,Alumno4!D12,Alumno5!D12) -> 30 | F11: =AVERAGE(Alumno1!E12,Alumno2!E12,Alumno3!E12,Alumno4!E12,Alumno5!E12) -> 30 | G11: =AVERAGE(Alumno1!F12,Alumno2!F12,Alumno3!F12,Alumno4!F12,Alumno5!F12) -> 30 | H11: =AVERAGE(Alumno1!G12,Alumno2!G12,Alumno3!G12,Alumno4!G12,Alumno5!G12) -> 30 | I11: =AVERAGE(Alumno1!H12,Alumno2!H12,Alumno3!H12,Alumno4!H12,Alumno5!H12) -> 30 | J11: =AVERAGE(Alumno1!I12,Alumno2!I12,Alumno3!I12,Alumno4!I12,Alumno5!I12) -> 30 | K11: =MAX(K5:K10) -> 10

Sheet Alumno1
B1: Matrícula | C1: =Concentrado!B5 -> 20233L001039 | D1: Alumno | F1: =Concentrado!C5 -> Juan Gerardo Reyes Carrera
B2: Grado y Grupo | C2: =GRADO -> 8A-IDGS | D2: Parcial | F2: =PARCIAL -> 1 | G2: Fecha | I2: =FECHA -> 45335
A4: No. | B4: Integrante del equipo | C4: Responsabilidad | E4: Trabajo en equipo | H4: Lealtad | I4: Honestidad
C5: Asiste de manera puntual en la fecha y horas fijadas por el equipo. | D5: Con los compromisos asignados cumple de manera puntual. | E5: Aporta ideas que permitan la resolución de problemas. | F5: Muestra iniciativa en el desarrollo de actividades que permitan alcanzar los objetivos. | G5: Muestra respeto hacia las ideas y opiniones de los demás. | H5: Mostró discreción en el manejo de la información, ideas y contribuciones en el equipo. | I5: Muestra honestidad en cada una de las actividades del equipo.
A6: 1 | B6: =Concentrado!C5 -> Juan Gerardo Reyes Carrera
A7: 2 | B7: =Concentrado!C6 -> Hugo Martínez Vallejo | C7: 11 | D7: 9 | E7: 9 | F7: 11 | G7: 11 | H7: 11 | I7: 10
A8: 3 | B8: =Concentrado!C7 -> Ariana Belinda Pulido Solano | C8: 10 | D8: 11 | E8: 11 | F8: 9 | G8: 10 | H8: 10 | I8: 9
A9: 4 | B9: =Concentrado!C8 -> Elizabeth Vega Pacheco | C9: 9 | D9: 10 | E9: 10 | F9: 10 | G9: 9 | H9: 9 | I9: 11
A10: 5 | B10: =Concentrado!C9 -> 0
A11: 6 | B11: =Concentrado!C10 -> 0
A12: Total | C12: =IF(SUM(C6:C11)=PUNTAJE,SUM(C6:C11),"ERROR") -> 30 | D12: =IF(SUM(D6:D11)=PUNTAJE,SUM(D6:D11),"ERROR") -> 30 | E12: =IF(SUM(E6:E11)=PUNTAJE,SUM(E6:E11),"ERROR") -> 30 | F12: =IF(SUM(F6:F11)=PUNTAJE,SUM(F6:F11),"ERROR") -> 30 | G12: =IF(SUM(G6:G11)=PUNTAJE,SUM(G6:G11),"ERROR") -> 30 | H12: =IF(SUM(H6:H11)=PUNTAJE,SUM(H6:H11),"ERROR") -> 30 | I12: =IF(SUM(I6:I11)=PUNTAJE,SUM(I6:I11),"ERROR") -> 30
A14: Reglas:
A15: Deberá ingresar los puntos que considere para cada rubro a cada integrante de su equipo; no se pueden repetir los puntos entre integrantes en un mismo rubro.
A16: La suma total de los puntos por rubro deberá ser siempre la suma de los integrantes menos 1, multiplicado por 10. Ej. Para 5 integrantes, 5-1=4*10=40, siendo 40 la suma de los puntos.
A17: No se puede poner cero como puntaje. Siendo éste de 1 en adelante.

Sheet Alumno2
B1: Matrícula | C1: =Concentrado!B6 -> 20223l001099 | D1: Alumno | F1: =Concentrado!C6 -> Hugo Martínez Vallejo
B2: Grado y Grupo | C2: =GRADO -> 8A-IDGS | D2: Parcial | F2: =PARCIAL -> 1 | G2: Fecha | I2: =FECHA -> 45335
A4: No. | B4: Integrante del equipo | C4: Responsabilidad | E4: Trabajo en equipo | H4: Lealtad | I4: Honestidad
C5: Asiste de manera puntual en la fecha y horas fijadas por el equipo. | D5: Con los compromisos asignados cumple de manera puntual. | E5: Aporta ideas que permitan la resolución de problemas. | F5: Muestra iniciativa en el desarrollo de actividades que permitan alcanzar los objetivos. | G5: Muestra respeto hacia las ideas y opiniones de los demás. | H5: Mostró discreción en el manejo de la información, ideas y contribuciones en el equipo. | I5: Muestra honestidad en cada una de las actividades del equipo.
A6: 1 | B6: =Concentrado!C5 -> Juan Gerardo Reyes Carrera | C6: 11 | D6: 11 | E6: 9 | F6: 10 | G6: 10 | H6: 9 | I6: 11
A7: 2 | B7: =Concentrado!C6 -> Hugo Martínez Vallejo
A8: 3 | B8: =Concentrado!C7 -> Ariana Belinda Pulido Solano | C8: 9 | D8: 9 | E8: 11 | F8: 11 | G8: 9 | H8: 11 | I8: 10
A9: 4 | B9: =Concentrado!C8 -> Elizabeth Vega Pacheco | C9: 10 | D9: 10 | E9: 10 | F9: 9 | G9: 11 | H9: 10 | I9: 9
A10: 5 | B10: =Concentrado!C9 -> 0
A11: 6 | B11: =Concentrado!C10 -> 0
A12: Total | C12: =IF(SUM(C6:C11)=PUNTAJE,SUM(C6:C11),"ERROR") -> 30 | D12: =IF(SUM(D6:D11)=PUNTAJE,SUM(D6:D11),"ERROR") -> 30 | E12: =IF(SUM(E6:E11)=PUNTAJE,SUM(E6:E11),"ERROR") -> 30 | F12: =IF(SUM(F6:F11)=PUNTAJE,SUM(F6:F11),"ERROR") -> 30 | G12: =IF(SUM(G6:G11)=PUNTAJE,SUM(G6:G11),"ERROR") -> 30 | H12: =IF(SUM(H6:H11)=PUNTAJE,SUM(H6:H11),"ERROR") -> 30 | I12: =IF(SUM(I6:I11)=PUNTAJE,SUM(I6:I11),"ERROR") -> 30
A14: Reglas:
A15: Deberá ingresar los puntos que considere para cada rubro a cada integrante de su equipo; no se pueden repetir los puntos entre integrantes en un mismo rubro.
A16: La suma total de los puntos por rubro deberá ser siempre la suma de los integrantes menos 1, multiplicado por 10. Ej. Para 5 integrantes, 5-1=4*10=40, siendo 40 la suma de los puntos.
A17: No se puede poner cero como puntaje. Siendo éste de 1 en adelante.

Sheet Alumno3
B1: Matrícula | C1: =Concentrado!B7 -> 20223L001004 | D1: Alumno | F1: =Concentrado!C7 -> Ariana Belinda Pulido Solano
B2: Grado y Grupo | C2: =GRADO -> 8A-IDGS | D2: Parcial | F2: =PARCIAL -> 1 | G2: Fecha | I2: =FECHA -> 45335
A4: No. | B4: Integrante del equipo | C4: Responsabilidad | E4: Trabajo en equipo | H4: Lealtad | I4: Honestidad
C5: Asiste de manera puntual en la fecha y horas fijadas por el equipo. | D5: Con los compromisos asignados cumple de manera puntual. | E5: Aporta ideas que permitan la resolución de problemas. | F5: Muestra iniciativa en el desarrollo de actividades que permitan alcanzar los objetivos. | G5: Muestra respeto hacia las ideas y opiniones de los demás. | H5: Mostró discreción en el manejo de la información, ideas y contribuciones en el equipo. | I5: Muestra honestidad en cada una de las actividades del equipo.
A6: 1 | B6: =Concentrado!C5 -> Juan Gerardo Reyes Carrera | C6: 10 | D6: 10 | E6: 10 | F6: 11 | G6: 10 | H6: 10 | I6: 11
A7: 2 | B7: =Concentrado!C6 -> Hugo Martínez Vallejo | C7: 9 | D7: 9 | E7: 11 | F7: 9 | G7: 9 | H7: 9 | I7: 9
A8: 3 | B8: =Concentrado!C7 -> Ariana Belinda Pulido Solano
A9: 4 | B9: =Concentrado!C8 -> Elizabeth Vega Pacheco | C9: 11 | D9: 11 | E9: 9 | F9: 10 | G9: 11 | H9: 11 | I9: 10
A10: 5 | B10: =Concentrado!C9 -> 0
A11: 6 | B11: =Concentrado!C10 -> 0
A12: Total | C12: =IF(SUM(C6:C11)=PUNTAJE,SUM(C6:C11),"ERROR") -> 30 | D12: =IF(SUM(D6:D11)=PUNTAJE,SUM(D6:D11),"ERROR") -> 30 | E12: =IF(SUM(E6:E11)=PUNTAJE,SUM(E6:E11),"ERROR") -> 30 | F12: =IF(SUM(F6:F11)=PUNTAJE,SUM(F6:F11),"ERROR") -> 30 | G12: =IF(SUM(G6:G11)=PUNTAJE,SUM(G6:G11),"ERROR") -> 30 | H12: =IF(SUM(H6:H11)=PUNTAJE,SUM(H6:H11),"ERROR") -> 30 | I12: =IF(SUM(I6:I11)=PUNTAJE,SUM(I6:I11),"ERROR") -> 30
A14: Reglas:
A15: Deberá ingresar los puntos que considere para cada rubro a cada integrante de su equipo; no se pueden repetir los puntos entre integrantes en un mismo rubro.
A16: La suma total de los puntos por rubro deberá ser siempre la suma de los integrantes menos 1, multiplicado por 10. Ej. Para 5 integrantes, 5-1=4*10=40, siendo 40 la suma de los puntos.
A17: No se puede poner cero como puntaje. Siendo éste de 1 en adelante.

Sheet Alumno4
B1: Matrícula | C1: =Concentrado!B8 -> 20223l001092 | D1: Alumno | F1: =Concentrado!C8 -> Elizabeth Vega Pacheco
B2: Grado y Grupo | C2: =GRADO -> 8A-IDGS | D2: Parcial | F2: =PARCIAL -> 1 | G2: Fecha | I2: =FECHA -> 45335
A4: No. | B4: Integrante del equipo | C4: Responsabilidad | E4: Trabajo en equipo | H4: Lealtad | I4: Honestidad
C5: Asiste de manera puntual en la fecha y horas fijadas por el equipo. | D5: Con los compromisos asignados cumple de manera puntual. | E5: Aporta ideas que permitan la resolución de problemas. | F5: Muestra iniciativa en el desarrollo de actividades que permitan alcanzar los objetivos. | G5: Muestra respeto hacia las ideas y opiniones de los demás. | H5: Mostró discreción en el manejo de la información, ideas y contribuciones en el equipo. | I5: Muestra honestidad en cada una de las actividades del equipo.
A6: 1 | B6: =Concentrado!C5 -> Juan Gerardo Reyes Carrera | C6: 9 | D6: 9 | E6: 10 | F6: 9 | G6: 11 | H6: 9 | I6: 10
A7: 2 | B7: =Concentrado!C6 -> Hugo Martínez Vallejo | C7: 10 | D7: 11 | E7: 11 | F7: 11 | G7: 9 | H7: 10 | I7: 11
A8: 3 | B8: =Concentrado!C7 -> Ariana Belinda Pulido Solano | C8: 11 | D8: 10 | E8: 9 | F8: 10 | G8: 10 | H8: 11 | I8: 9
A9: 4 | B9: =Concentrado!C8 -> Elizabeth Vega Pacheco
A10: 5 | B10: =Concentrado!C9 -> 0
A11: 6 | B11: =Concentrado!C10 -> 0
A12: Total | C12: =IF(SUM(C6:C11)=PUNTAJE,SUM(C6:C11),"ERROR") -> 30 | D12: =IF(SUM(D6:D11)=PUNTAJE,SUM(D6:D11),"ERROR") -> 30 | E12: =IF(SUM(E6:E11)=PUNTAJE,SUM(E6:E11),"ERROR") -> 30 | F12: =IF(SUM(F6:F11)=PUNTAJE,SUM(F6:F11),"ERROR") -> 30 | G12: =IF(SUM(G6:G11)=PUNTAJE,SUM(G6:G11),"ERROR") -> 30 | H12: =IF(SUM(H6:H11)=PUNTAJE,SUM(H6:H11),"ERROR") -> 30 | I12: =IF(SUM(I6:I11)=PUNTAJE,SUM(I6:I11),"ERROR") -> 30
A14: Reglas:
A15: Deberá ingresar los puntos que considere para cada rubro a cada integrante de su equipo; no se pueden repetir los puntos entre integrantes en un mismo rubro.
A16: La suma total de los puntos por rubro deberá ser siempre la suma de los integrantes menos 1, multiplicado por 10. Ej. Para 5 integrantes, 5-1=4*10=40, siendo 40 la suma de los puntos.
A17: No se puede poner cero como puntaje. Siendo éste de 1 en adelante.

Sheet Alumno5
B1: Matrícula | C1: =Concentrado!B10 -> 0 | D1: Alumno | F1: =Concentrado!C9 -> 0
B2: Grado y Grupo | C2: =GRADO -> 8A-IDGS | D2: Parcial | F2: =PARCIAL -> 1 | G2: Fecha | I2: =FECHA -> 45335
A4: No. | B4: Integrante del equipo | C4: Responsabilidad | E4: Trabajo en equipo | H4: Lealtad | I4: Honestidad
C5: Asiste de manera puntual en la fecha y horas fijadas por el equipo. | D5: Con los compromisos asignados cumple de manera puntual. | E5: Aporta ideas que permitan la resolución de problemas. | F5: Muestra iniciativa en el desarrollo de actividades que permitan alcanzar los objetivos. | G5: Muestra respeto hacia las ideas y opiniones de los demás. | H5: Mostró discreción en el manejo de la información, ideas y contribuciones en el equipo. | I5: Muestra honestidad en cada una de las actividades del equipo.
A6: 1 | B6: =Concentrado!C5 -> Juan Gerardo Reyes Carrera
A7: 2 | B7: =Concentrado!C6 -> Hugo Martínez Vallejo
A8: 3 | B8: =Concentrado!C7 -> Ariana Belinda Pulido Solano
A9: 4 | B9: =Concentrado!C8 -> Elizabeth Vega Pacheco
A10: 5 | B10: =Concentrado!C9 -> 0
A11: 6 | B11: =Concentrado!C10 -> 0
A12: Total | C12: =IF(SUM(C6:C11)=PUNTAJE,SUM(C6:C11),"ERROR") -> ERROR | D12: =IF(SUM(D6:D11)=PUNTAJE,SUM(D6:D11),"ERROR") -> ERROR | E12: =IF(SUM(E6:E11)=PUNTAJE,SUM(E6:E11),"ERROR") -> ERROR | F12: =IF(SUM(F6:F11)=PUNTAJE,SUM(F6:F11),"ERROR") -> ERROR | G12: =IF(SUM(G6:G11)=PUNTAJE,SUM(G6:G11),"ERROR") -> ERROR | H12: =IF(SUM(H6:H11)=PUNTAJE,SUM(H6:H11),"ERROR") -> ERROR | I12: =IF(SUM(I6:I11)=PUNTAJE,SUM(I6:I11),"ERROR") -> ERROR | J12: =IF(SUM(J6:J11)=PUNTAJE,SUM(J6:J11),"ERROR") -> ERROR
A14: Reglas:
A15: Deberá ingresar los puntos que considere para cada rubro a cada integrante de su equipo; no se pueden repetir los puntos entre integrantes en un mismo rubro.
A16: La suma total de los puntos por rubro deberá ser siempre la suma de los integrantes menos 1, multiplicado por 10. Ej. Para 5 integrantes, 5-1=4*10=40, siendo 40 la suma de los puntos.
A17: No se puede poner cero como puntaje. Siendo éste de 1 en adelante.

Sheet Alumno6
B1: Matrícula | C1: =Concentrado!B10 -> 0 | D1: Alumno | F1: =Concentrado!C10 -> 0
B2: Grado y Grupo | C2: =GRADO -> 8A-IDGS | D2: Parcial | F2: =PARCIAL -> 1 | G2: Fecha | I2: =FECHA -> 45335
A4: No. | B4: Integrante del equipo | C4: Responsabilidad | E4: Trabajo en equipo | H4: Lealtad | I4: Honestidad
C5: Asiste de manera puntual en la fecha y horas fijadas por el equipo. | D5: Con los compromisos asignados cumple de manera puntual. | E5: Aporta ideas que permitan la resolución de problemas. | F5: Muestra iniciativa en el desarrollo de actividades que permitan alcanzar los objetivos. | G5: Muestra respeto hacia las ideas y opiniones de los demás. | H5: Mostró discreción en el manejo de la información, ideas y contribuciones en el equipo. | I5: Muestra honestidad en cada una de las actividades del equipo.
A6: 1 | B6: =Concentrado!C5 -> Juan Gerardo Reyes Carrera
A7: 2 | B7: =Concentrado!C6 -> Hugo Martínez Vallejo
A8: 3 | B8: =Concentrado!C7 -> Ariana Belinda Pulido Solano
A9: 4 | B9: =Concentrado!C8 -> Elizabeth Vega Pacheco
A10: 5 | B10: =Concentrado!C9 -> 0
A11: 6 | B11: =Concentrado!C10 -> 0
A12: Total | C12: =IF(SUM(C6:C11)=PUNTAJE,SUM(C6:C11),"ERROR") -> ERROR | D12: =IF(SUM(D6:D11)=PUNTAJE,SUM(D6:D11),"ERROR") -> ERROR | E12: =IF(SUM(E6:E11)=PUNTAJE,SUM(E6:E11),"ERROR") -> ERROR | F12: =IF(SUM(F6:F11)=PUNTAJE,SUM(F6:F11),"ERROR") -> ERROR | G12: =IF(SUM(G6:G11)=PUNTAJE,SUM(G6:G11),"ERROR") -> ERROR | H12: =IF(SUM(H6:H11)=PUNTAJE,SUM(H6:H11),"ERROR") -> ERROR | I12: =IF(SUM(I6:I11)=PUNTAJE,SUM(I6:I11),"ERROR") -> ERROR | J12: =IF(SUM(J6:J11)=PUNTAJE,SUM(J6:J11),"ERROR") -> ERROR
A14: Reglas:
A15: Deberá ingresar los puntos que considere para cada rubro a cada integrante de su equipo; no se pueden repetir los puntos entre integrantes en un mismo rubro.
A16: La suma total de los puntos por rubro deberá ser siempre la suma de los integrantes menos 1, multiplicado por 10. Ej. Para 5 integrantes, 5-1=4*10=40, siendo 40 la suma de los puntos.
A17: No se puede poner cero como puntaje. Siendo éste de 1 en adelante.
